Workbook

Sheet Summary
B1: Summary Report
D2: : 19 Februari - 17 Maret 2026
B4: No | C4: Media Pemberitaan | D4: Total Konten Media Sosial | J4: Total Score
D5: X | E5: Facebook | F5: Instagram | G5: Youtube | H5: Tiktok | I5: Total Realisasi
B6: 1 | C6: UPT BALI | D6: ='UPT BALI'!$G$7 -> 1 | E6: ='UPT BALI'!$G$8 -> 1 | F6: ='UPT BALI'!$G$9 -> 1 | G6: ='UPT BALI'!$G$10 -> 1 | H6: ='UPT BALI'!$G$11 -> 1 | I6: ='UPT BALI'!$G$12 -> 4 | J6: ='UPT BALI'!$D$13 -> 51
B7: 2 | C7: UPT PROBOLINGGO | D7: ='UPT PROBOLINGGO'!$G$7 -> 1 | E7: ='UPT PROBOLINGGO'!$G$8 -> 1 | F7: ='UPT PROBOLINGGO'!$G$9 -> 1 | G7: ='UPT PROBOLINGGO'!$G$10 -> 1 | H7: ='UPT PROBOLINGGO'!$G$11 -> 1 | I7: ='UPT PROBOLINGGO'!$G$12 -> 4 | J7: ='UPT PROBOLINGGO'!$D$13 -> 34
B8: 3 | C8: UPT MALANG | D8: ='UPT MALANG'!$G$7 -> 1 | E8: ='UPT MALANG'!$G$8 -> 1 | F8: ='UPT MALANG'!$G$9 -> 1 | G8: ='UPT MALANG'!$G$10 -> 1 | H8: ='UPT MALANG'!$G$11 -> 1 | I8: ='UPT MALANG'!$G$12 -> 4 | J8: ='UPT MALANG'!$D$13 -> 17
B9: 4 | C9: UPT SURABAYA | D9: ='UPT SURABAYA'!$G$7 -> 1 | E9: ='UPT SURABAYA'!$G$8 -> 1 | F9: ='UPT SURABAYA'!$G$9 -> 1 | G9: ='UPT SURABAYA'!$G$10 -> 1 | H9: ='UPT SURABAYA'!$G$11 -> 1 | I9: ='UPT SURABAYA'!$G$12 -> 4 | J9: ='UPT SURABAYA'!$D$13 -> 48
B10: 5 | C10: UPT GRESIK | D10: ='UPT GRESIK'!$G$7 -> 1 | E10: ='UPT GRESIK'!$G$8 -> 1 | F10: ='UPT GRESIK'!$G$9 -> 1 | G10: ='UPT GRESIK'!$G$10 -> 1 | H10: ='UPT GRESIK'!$G$11 -> 1 | I10: ='UPT GRESIK'!$G$12 -> 4 | J10: ='UPT GRESIK'!$D$13 -> 43
B11: 6 | C11: UPT MADIUN | D11: ='UPT MADIUN'!$G$7 -> 1 | E11: ='UPT MADIUN'!$G$8 -> 1 | F11: ='UPT MADIUN'!$G$9 -> 1 | G11: ='UPT MADIUN'!$G$10 -> 1 | H11: ='UPT MADIUN'!$G$11 -> 1 | I11: ='UPT MADIUN'!$G$12 -> 4 | J11: ='UPT MADIUN'!$D$13 -> 38
B12: Total | D12: =SUM(D6:D11) -> 6 | E12: =SUM(E6:E11) -> 6 | F12: =SUM(F6:F11) -> 6 | G12: =SUM(G6:G11) -> 6 | H12: =SUM(H6:H11) -> 6 | I12: =SUM(I6:I11) -> 24 | J12: =SUM(J6:J11) -> 231

Sheet TEMP
B2: B1. Grand Theme | D2: X | F2: Influencer | H2: Media | I2: List Media | J2: List Media 2 | K2: Score
B3: B2. Opperational Issue | D3: Facebook | F3: KOL Instagram | H3: No | I3: Kategori | J3: =CONCATENATE(H3," - ",I3) -> No - Kategori | K3: 0
B4: B3. Additional Issue | D4: Instagram | F4: KOL Tiktok | H4: Media Sosial | I4: X Like < 99 | J4: =CONCATENATE(H4," - ",I4) -> Media Sosial - X Like < 99 | K4: 0
D5: Threads | F5: Homeless Media Reels | H5: Media Sosial | I5: X Like 100 - 999 | J5: =CONCATENATE(H5," - ",I5) -> Media Sosial - X Like 100 - 999 | K5: 1
D6: Youtube | F6: Homeless Media Feeds | H6: Media Sosial | I6: X Like 1000 - 4999 | J6: =CONCATENATE(H6," - ",I6) -> Media Sosial - X Like 1000 - 4999 | K6: 5
D7: Tiktok | H7: Media Sosial | I7: X Like 5.000 - 9.999 | J7: =CONCATENATE(H7," - ",I7) -> Media Sosial - X Like 5.000 - 9.999 | K7: 10
H8: Media Sosial | I8: Facebook Like < 99 | J8: =CONCATENATE(H8," - ",I8) -> Media Sosial - Facebook Like < 99 | K8: 0
H9: Media Sosial | I9: Facebook Like 100 - 999 | J9: =CONCATENATE(H9," - ",I9) -> Media Sosial - Facebook Like 100 - 999 | K9: 1
H10: Media Sosial | I10: Facebook Like 1.000 - 4.999 | J10: =CONCATENATE(H10," - ",I10) -> Media Sosial - Facebook Like 1.000 - 4.999 | K10: 5
H11: Media Sosial | I11: Facebook Like 5.000 - 9.999 | J11: =CONCATENATE(H11," - ",I11) -> Media Sosial - Facebook Like 5.000 - 9.999 | K11: 10
H12: Media Sosial | I12: Facebook View < 99 | J12: =CONCATENATE(H12," - ",I12) -> Media Sosial - Facebook View < 99 | K12: 0
H13: Media Sosial | I13: Facebook View 100 - 999 | J13: =CONCATENATE(H13," - ",I13) -> Media Sosial - Facebook View 100 - 999 | K13: 1
H14: Media Sosial | I14: Facebook View 1.000 - 4.999 | J14: =CONCATENATE(H14," - ",I14) -> Media Sosial - Facebook View 1.000 - 4.999 | K14: 5
H15: Media Sosial | I15: Facebook View 5.000 - 9.999 | J15: =CONCATENATE(H15," - ",I15) -> Media Sosial - Facebook View 5.000 - 9.999 | K15: 10
H16: Media Sosial | I16: Threads Like <99 | J16: =CONCATENATE(H16," - ",I16) -> Media Sosial - Threads Like <99 | K16: 0
H17: Media Sosial | I17: Threads Like 100 - 999 | J17: =CONCATENATE(H17," - ",I17) -> Media Sosial - Threads Like 100 - 999 | K17: 1
H18: Media Sosial | I18: Threads Like 1.000 - 4.999 | J18: =CONCATENATE(H18," - ",I18) -> Media Sosial - Threads Like 1.000 - 4.999 | K18: 5
H19: Media Sosial | I19: Threads Like 5.000 - 9.999 | J19: =CONCATENATE(H19," - ",I19) -> Media Sosial - Threads Like 5.000 - 9.999 | K19: 10
... H51: Media Sosial | I51: Homeless Media Feeds Like 50.000 - 100.000 | J51: =CONCATENATE(H51," - ",I51) -> Media Sosial - Homeless Media Feeds Like 50.000 - 100.000 | K51: 150

Sheet UPT BALI
B1: Unit Induk | G1: : UPT BALI
B2: Periode | G2: =Summary!D2 -> : 19 Februari - 17 Maret 2026 | J2: Produksi Konten Media Sosial PLN Unit Pelaksana
J3: Petunjuk Pengisian :
J4: a. Kategori di isi sesuai dengan issue yang di angkat pada konten media sosial
B5: No | C5: Media Pemberitaan | D5: =TEMP!$B$2 -> B1. Grand Theme | E5: =TEMP!$B$3 -> B2. Opperational Issue | F5: =TEMP!$B$4 -> B3. Additional Issue | G5: TOTAL REALISASI | H5: TOTAL SCORE | J5: b. Dilarang menambahkan baris atau kolom, urutan tanggal tidak mempengaruhi nilai
J6: c. Dilarang menginput link yang tidak sesuai dengan pemberitaan
B7: 1 | C7: =TEMP!D2 -> X | D7: =SUMIFS($R:$R,$P:$P,$C7,$K:$K,D$5)*3 -> 3 | E7: =SUMIFS($R:$R,$P:$P,$C7,$K:$K,E$5)*2 -> 0 | F7: =SUMIFS($R:$R,$P:$P,$C7,$K:$K,F$5)*1 -> 0 | G7: =COUNTIF($P:$P,C7) -> 1 | H7: =SUM(D7:F7) -> 3 | J7: d. Dilarang menginput link yang sudah diinput (agar tidak terjadi double input)
B8: 2 | C8: =TEMP!D3 -> Facebook | D8: =SUMIFS($R:$R,$P:$P,$C8,$K:$K,D$5)*3 -> 3 | E8: =SUMIFS($R:$R,$P:$P,$C8,$K:$K,E$5)*2 -> 0 | F8: =SUMIFS($R:$R,$P:$P,$C8,$K:$K,F$5)*1 -> 0 | G8: =COUNTIF($P:$P,C8) -> 1 | H8: =SUM(D8:F8) -> 3 | J8: e. Apabila ditemukan link yang tidak sesuai dengan pemberitaan diberlakukan pengurangan scoring
B9: 3 | C9: =TEMP!D4 -> Instagram | D9: =SUMIFS($R:$R,$P:$P,$C9,$K:$K,D$5)*3 -> 15 | E9: =SUMIFS($R:$R,$P:$P,$C9,$K:$K,E$5)*2 -> 0 | F9: =SUMIFS($R:$R,$P:$P,$C9,$K:$K,F$5)*1 -> 0 | G9: =COUNTIF($P:$P,C9) -> 1 | H9: =SUM(D9:F9) -> 15
B10: 4 | C10: =TEMP!D6 -> Youtube | D10: =SUMIFS($R:$R,$P:$P,$C10,$K:$K,D$5)*3 -> 15 | E10: =SUMIFS($R:$R,$P:$P,$C10,$K:$K,E$5)*2 -> 0 | F10: =SUMIFS($R:$R,$P:$P,$C10,$K:$K,F$5)*1 -> 0 | G10: =COUNTIF($P:$P,C10) -> 1 | H10: =SUM(D10:F10) -> 15
B11: 5 | C11: =TEMP!D7 -> Tiktok | D11: =SUMIFS($R:$R,$P:$P,$C11,$K:$K,D$5)*3 -> 15 | E11: =SUMIFS($R:$R,$P:$P,$C11,$K:$K,E$5)*2 -> 0 | F11: =SUMIFS($R:$R,$P:$P,$C11,$K:$K,F$5)*1 -> 0 | G11: =COUNTIF($P:$P,C11) -> 1
B12: Score | D12: =SUM(D7:D11) -> 51 | E12: =SUM(E7:E11) -> 0 | F12: =SUM(F7:F11) -> 0 | G12: =SUM(G7:G10) -> 4 | H12: =SUM(H7:H10) -> 36 | J12: No | K12: Kategori | L12: Tanggal | M12: Judul Pemberitaan | N12: Link Pemberitaan / Scan File | O12: Username | P12: Platform Media | Q12: Kategori Media | R12: Score
B13: Total Score | D13: =SUM(D12:F12) -> 51 | J13: {=IF(L13:L2002<>"",TEXT(ROW(J13:J2002)-10,"0"),"")} -> 3 | K13: B1. Grand Theme | L13: 24 Februari 2026 | M13: PLN UIT JBM Siaga Ramadhan dan Idul Fitri 2026 | N13: https://instagram.com | O13: uptbali | P13: Instagram | Q13: Media Sosial - Instagram Views 100 - 999 | R13: {=IF(P13:P2002="","",VLOOKUP(Q13:Q2002,TEMP!$J:$K,2,0))} -> 5
J14: {=IF(L14:L2003<>"",TEXT(ROW(J14:J2003)-10,"0"),"")} -> 4 | K14: B1. Grand Theme | L14: 24 Februari 2026 | M14: PLN UIT JBM Siaga Ramadhan dan Idul Fitri 2026 | N14: https://x.com | O14: uptbali | P14: X | Q14: Media Sosial - X Like 100 - 999 | R14: {=IF(P14:P2003="","",VLOOKUP(Q14:Q2003,TEMP!$J:$K,2,0))} -> 1
B15: Mohon dapat dicek kembali hal-hal berikut: | J15: {=IF(L15:L2004<>"",TEXT(ROW(J15:J2004)-10,"0"),"")} -> 5 | K15: B1. Grand Theme | L15: 24 Februari 2026 | M15: PLN UIT JBM Siaga Ramadhan dan Idul Fitri 2026 | N15: https://facebook.com | O15: uptbali | P15: Facebook | Q15: Media Sosial - Facebook Like 100 - 999 | R15: {=IF(P15:P2004="","",VLOOKUP(Q15:Q2004,TEMP!$J:$K,2,0))} -> 1
B16: 1 | C16: Pastikan data yang diambil sesuai periode 19 bulan N-1 s.d 17 bulan N | J16: {=IF(L16:L2005<>"",TEXT(ROW(J16:J2005)-10,"0"),"")} -> 6 | K16: B1. Grand Theme | L16: 24 Februari 2026 | M16: PLN UIT JBM Siaga Ramadhan dan Idul Fitri 2026 | N16: https://youtube.com | O16: uptbali | P16: Youtube | Q16: Media Sosial - Youtube Short Views 100 - 999 | R16: {=IF(P16:P2005="","",VLOOKUP(Q16:Q2005,TEMP!$J:$K,2,0))} -> 5
B17: 2 | C17: Mohon tidak memberikan row kosong antar konten | J17: {=IF(L17:L2006<>"",TEXT(ROW(J17:J2006)-10,"0"),"")} -> 7 | K17: B1. Grand Theme | L17: 24 Februari 2026 | M17: PLN UIT JBM Siaga Ramadhan dan Idul Fitri 2026 | N17: https://tiktok.com | O17: uptbali | P17: Tiktok | Q17: Media Sosial - Tiktok Views 100 - 999 | R17: {=IF(P17:P2006="","",VLOOKUP(Q17:Q2006,TEMP!$J:$K,2,0))} -> 5
B18: 3 | C18: Pastikan semua kolom diisi, jika ditemukan rows yang tidak ada link pemberitaan, | J18: {=IF(L18:L2007<>"",TEXT(ROW(J18:J2007)-10,"0"),"")} -> 8 | K18: B1. Grand Theme | L18: 24 Februari 2026 | M18: PLN UIT JBM Siaga Ramadhan dan Idul Fitri 2026 | N18: https://tiktok.com | O18: uptbali | P18: Threads | Q18: Media Sosial - Threads Like 100 - 999 | R18: {=IF(P18:P2007="","",VLOOKUP(Q18:Q2007,TEMP!$J:$K,2,0))} -> 1
C19: akan dihapus. | J19: {=IF(L19:L2008<>"",TEXT(ROW(J19:J2008)-10,"0"),"")} | R19: {=IF(P19:P2008="","",VLOOKUP(Q19:Q2008,TEMP!$J:$K,2,0))}
B20: 4 | C20: Pastikan kolom Platform Media dan Kategori Media sesuai dengan jenis media | J20: {=IF(L20:L2009<>"",TEXT(ROW(J20:J2009)-10,"0"),"")} | R20: {=IF(P20:P2009="","",VLOOKUP(Q20:Q2009,TEMP!$J:$K,2,0))}
C21: sosial di Link Pemberitaan | J21: {=IF(L21:L2010<>"",TEXT(ROW(J21:J2010)-10,"0"),"")} | R21: {=IF(P21:P2010="","",VLOOKUP(Q21:Q2010,TEMP!$J:$K,2,0))}
B22: 5 | C22: Pastikan angka terakhir di kolom Kategori Media sesuai pilihan atau tidak bertambah. | J22: {=IF(L22:L2011<>"",TEXT(ROW(J22:J2011)-10,"0"),"")} | R22: {=IF(P22:P2011="","",VLOOKUP(Q22:Q2011,TEMP!$J:$K,2,0))}
B23: 6 | C23: Pemilihan kategori media sesuai dengan realisasi performa konten | J23: {=IF(L23:L2012<>"",TEXT(ROW(J23:J2012)-10,"0"),"")} | R23: {=IF(P23:P2012="","",VLOOKUP(Q23:Q2012,TEMP!$J:$K,2,0))}
J24: {=IF(L24:L2013<>"",TEXT(ROW(J24:J2013)-10,"0"),"")} | R24: {=IF(P24:P2013="","",VLOOKUP(Q24:Q2013,TEMP!$J:$K,2,0))}
J25: {=IF(L25:L2014<>"",TEXT(ROW(J25:J2014)-10,"0"),"")} | R25: {=IF(P25:P2014="","",VLOOKUP(Q25:Q2014,TEMP!$J:$K,2,0))}
J26: {=IF(L26:L2015<>"",TEXT(ROW(J26:J2015)-10,"0"),"")} | R26: {=IF(P26:P2015="","",VLOOKUP(Q26:Q2015,TEMP!$J:$K,2,0))}
J27: {=IF(L27:L2016<>"",TEXT(ROW(J27:J2016)-10,"0"),"")} | R27: {=IF(P27:P2016="","",VLOOKUP(Q27:Q2016,TEMP!$J:$K,2,0))}

Sheet UPT PROBOLINGGO
B1: Unit Induk | G1: : UPT PROBOLINGGO
B2: Periode | G2: =Summary!D2 -> : 19 Februari - 17 Maret 2026 | J2: Produksi Konten Media Sosial PLN Unit Pelaksana
J3: Petunjuk Pengisian :
J4: a. Kategori di isi sesuai dengan issue yang di angkat pada konten media sosial
B5: No | C5: Media Pemberitaan | D5: =TEMP!$B$2 -> B1. Grand Theme | E5: =TEMP!$B$3 -> B2. Opperational Issue | F5: =TEMP!$B$4 -> B3. Additional Issue | G5: TOTAL REALISASI | H5: TOTAL SCORE | J5: b. Dilarang menambahkan baris atau kolom, urutan tanggal tidak mempengaruhi nilai
J6: c. Dilarang menginput link yang tidak sesuai dengan pemberitaan
B7: 1 | C7: =TEMP!D2 -> X | D7: =SUMIFS($R:$R,$P:$P,$C7,$K:$K,D$5)*3 -> 0 | E7: =SUMIFS($R:$R,$P:$P,$C7,$K:$K,E$5)*2 -> 2 | F7: =SUMIFS($R:$R,$P:$P,$C7,$K:$K,F$5)*1 -> 0 | G7: =COUNTIF($P:$P,C7) -> 1 | H7: =SUM(D7:F7) -> 2 | J7: d. Dilarang menginput link yang sudah diinput (agar tidak terjadi double input)
B8: 2 | C8: =TEMP!D3 -> Facebook | D8: =SUMIFS($R:$R,$P:$P,$C8,$K:$K,D$5)*3 -> 0 | E8: =SUMIFS($R:$R,$P:$P,$C8,$K:$K,E$5)*2 -> 2 | F8: =SUMIFS($R:$R,$P:$P,$C8,$K:$K,F$5)*1 -> 0 | G8: =COUNTIF($P:$P,C8) -> 1 | H8: =SUM(D8:F8) -> 2 | J8: e. Apabila ditemukan link yang tidak sesuai dengan pemberitaan diberlakukan pengurangan scoring
B9: 3 | C9: =TEMP!D4 -> Instagram | D9: =SUMIFS($R:$R,$P:$P,$C9,$K:$K,D$5)*3 -> 0 | E9: =SUMIFS($R:$R,$P:$P,$C9,$K:$K,E$5)*2 -> 10 | F9: =SUMIFS($R:$R,$P:$P,$C9,$K:$K,F$5)*1 -> 0 | G9: =COUNTIF($P:$P,C9) -> 1 | H9: =SUM(D9:F9) -> 10
B10: 4 | C10: =TEMP!D6 -> Youtube | D10: =SUMIFS($R:$R,$P:$P,$C10,$K:$K,D$5)*3 -> 0 | E10: =SUMIFS($R:$R,$P:$P,$C10,$K:$K,E$5)*2 -> 10 | F10: =SUMIFS($R:$R,$P:$P,$C10,$K:$K,F$5)*1 -> 0 | G10: =COUNTIF($P:$P,C10) -> 1 | H10: =SUM(D10:F10) -> 10
B11: 5 | C11: =TEMP!D7 -> Tiktok | D11: =SUMIFS($R:$R,$P:$P,$C11,$K:$K,D$5)*3 -> 0 | E11: =SUMIFS($R:$R,$P:$P,$C11,$K:$K,E$5)*2 -> 10 | F11: =SUMIFS($R:$R,$P:$P,$C11,$K:$K,F$5)*1 -> 0 | G11: =COUNTIF($P:$P,C11) -> 1
B12: Score | D12: =SUM(D7:D11) -> 0 | E12: =SUM(E7:E11) -> 34 | F12: =SUM(F7:F11) -> 0 | G12: =SUM(G7:G10) -> 4 | H12: =SUM(H7:H10) -> 24 | J12: No | K12: Kategori | L12: Tanggal | M12: Judul Pemberitaan | N12: Link Pemberitaan / Scan File | O12: Username | P12: Platform Media | Q12: Kategori Media | R12: Score
B13: Total Score | D13: =SUM(D12:F12) -> 34 | J13: {=IF(L13:L2002<>"",TEXT(ROW(J13:J2002)-10,"0"),"")} -> 3 | K13: B2. Opperational Issue | L13: 24 Februari 2026 | M13: PLN UIT JBM Siaga Ramadhan dan Idul Fitri 2026 | N13: https://instagram.com | O13: uptpblg | P13: Instagram | Q13: Media Sosial - Instagram Views 100 - 999 | R13: {=IF(P13:P2002="","",VLOOKUP(Q13:Q2002,TEMP!$J:$K,2,0))} -> 5
J14: {=IF(L14:L2003<>"",TEXT(ROW(J14:J2003)-10,"0"),"")} -> 4 | K14: B2. Opperational Issue | L14: 24 Februari 2026 | M14: PLN UIT JBM Siaga Ramadhan dan Idul Fitri 2026 | N14: https://x.com | O14: uptpblg | P14: X | Q14: Media Sosial - X Like 100 - 999 | R14: {=IF(P14:P2003="","",VLOOKUP(Q14:Q2003,TEMP!$J:$K,2,0))} -> 1
B15: Mohon dapat dicek kembali hal-hal berikut: | J15: {=IF(L15:L2004<>"",TEXT(ROW(J15:J2004)-10,"0"),"")} -> 5 | K15: B2. Opperational Issue | L15: 24 Februari 2026 | M15: PLN UIT JBM Siaga Ramadhan dan Idul Fitri 2026 | N15: https://facebook.com | O15: uptpblg | P15: Facebook | Q15: Media Sosial - Facebook Like 100 - 999 | R15: {=IF(P15:P2004="","",VLOOKUP(Q15:Q2004,TEMP!$J:$K,2,0))} -> 1
B16: 1 | C16: Pastikan data yang diambil sesuai periode 19 bulan N-1 s.d 17 bulan N | J16: {=IF(L16:L2005<>"",TEXT(ROW(J16:J2005)-10,"0"),"")} -> 6 | K16: B2. Opperational Issue | L16: 24 Februari 2026 | M16: PLN UIT JBM Siaga Ramadhan dan Idul Fitri 2026 | N16: https://youtube.com | O16: uptpblg | P16: Youtube | Q16: Media Sosial - Youtube Short Views 100 - 999 | R16: {=IF(P16:P2005="","",VLOOKUP(Q16:Q2005,TEMP!$J:$K,2,0))} -> 5
B17: 2 | C17: Mohon tidak memberikan row kosong antar konten | J17: {=IF(L17:L2006<>"",TEXT(ROW(J17:J2006)-10,"0"),"")} -> 7 | K17: B2. Opperational Issue | L17: 24 Februari 2026 | M17: PLN UIT JBM Siaga Ramadhan dan Idul Fitri 2026 | N17: https://tiktok.com | O17: uptpblg | P17: Tiktok | Q17: Media Sosial - Tiktok Views 100 - 999 | R17: {=IF(P17:P2006="","",VLOOKUP(Q17:Q2006,TEMP!$J:$K,2,0))} -> 5
B18: 3 | C18: Pastikan semua kolom diisi, jika ditemukan rows yang tidak ada link pemberitaan, | J18: {=IF(L18:L2007<>"",TEXT(ROW(J18:J2007)-10,"0"),"")} -> 8 | K18: B2. Opperational Issue | L18: 24 Februari 2026 | M18: PLN UIT JBM Siaga Ramadhan dan Idul Fitri 2026 | N18: https://tiktok.com | O18: uptpblg | P18: Threads | Q18: Media Sosial - Threads Like 100 - 999 | R18: {=IF(P18:P2007="","",VLOOKUP(Q18:Q2007,TEMP!$J:$K,2,0))} -> 1
C19: akan dihapus. | J19: {=IF(L19:L2008<>"",TEXT(ROW(J19:J2008)-10,"0"),"")} | R19: {=IF(P19:P2008="","",VLOOKUP(Q19:Q2008,TEMP!$J:$K,2,0))}
B20: 4 | C20: Pastikan kolom Platform Media dan Kategori Media sesuai dengan jenis media | J20: {=IF(L20:L2009<>"",TEXT(ROW(J20:J2009)-10,"0"),"")} | R20: {=IF(P20:P2009="","",VLOOKUP(Q20:Q2009,TEMP!$J:$K,2,0))}
C21: sosial di Link Pemberitaan | J21: {=IF(L21:L2010<>"",TEXT(ROW(J21:J2010)-10,"0"),"")} | R21: {=IF(P21:P2010="","",VLOOKUP(Q21:Q2010,TEMP!$J:$K,2,0))}
B22: 5 | C22: Pastikan angka terakhir di kolom Kategori Media sesuai pilihan atau tidak bertambah. | J22: {=IF(L22:L2011<>"",TEXT(ROW(J22:J2011)-10,"0"),"")} | R22: {=IF(P22:P2011="","",VLOOKUP(Q22:Q2011,TEMP!$J:$K,2,0))}
B23: 6 | C23: Pemilihan kategori media sesuai dengan realisasi performa konten | J23: {=IF(L23:L2012<>"",TEXT(ROW(J23:J2012)-10,"0"),"")} | R23: {=IF(P23:P2012="","",VLOOKUP(Q23:Q2012,TEMP!$J:$K,2,0))}
J24: {=IF(L24:L2013<>"",TEXT(ROW(J24:J2013)-10,"0"),"")} | R24: {=IF(P24:P2013="","",VLOOKUP(Q24:Q2013,TEMP!$J:$K,2,0))}
J25: {=IF(L25:L2014<>"",TEXT(ROW(J25:J2014)-10,"0"),"")} | R25: {=IF(P25:P2014="","",VLOOKUP(Q25:Q2014,TEMP!$J:$K,2,0))}
J26: {=IF(L26:L2015<>"",TEXT(ROW(J26:J2015)-10,"0"),"")} | R26: {=IF(P26:P2015="","",VLOOKUP(Q26:Q2015,TEMP!$J:$K,2,0))}
J27: {=IF(L27:L2016<>"",TEXT(ROW(J27:J2016)-10,"0"),"")} | R27: {=IF(P27:P2016="","",VLOOKUP(Q27:Q2016,TEMP!$J:$K,2,0))}

Sheet UPT MALANG
B1: Unit Induk | G1: : UPT MALANG
B2: Periode | G2: =Summary!D2 -> : 19 Februari - 17 Maret 2026 | J2: Produksi Konten Media Sosial PLN Unit Pelaksana
J3: Petunjuk Pengisian :
J4: a. Kategori di isi sesuai dengan issue yang di angkat pada konten media sosial
B5: No | C5: Media Pemberitaan | D5: =TEMP!$B$2 -> B1. Grand Theme | E5: =TEMP!$B$3 -> B2. Opperational Issue | F5: =TEMP!$B$4 -> B3. Additional Issue | G5: TOTAL REALISASI | H5: TOTAL SCORE | J5: b. Dilarang menambahkan baris atau kolom, urutan tanggal tidak mempengaruhi nilai
J6: c. Dilarang menginput link yang tidak sesuai dengan pemberitaan
B7: 1 | C7: =TEMP!D2 -> X | D7: =SUMIFS($R:$R,$P:$P,$C7,$K:$K,D$5)*3 -> 0 | E7: =SUMIFS($R:$R,$P:$P,$C7,$K:$K,E$5)*2 -> 0 | F7: =SUMIFS($R:$R,$P:$P,$C7,$K:$K,F$5)*1 -> 1 | G7: =COUNTIF($P:$P,C7) -> 1 | H7: =SUM(D7:F7) -> 1 | J7: d. Dilarang menginput link yang sudah diinput (agar tidak terjadi double input)
B8: 2 | C8: =TEMP!D3 -> Facebook | D8: =SUMIFS($R:$R,$P:$P,$C8,$K:$K,D$5)*3 -> 0 | E8: =SUMIFS($R:$R,$P:$P,$C8,$K:$K,E$5)*2 -> 0 | F8: =SUMIFS($R:$R,$P:$P,$C8,$K:$K,F$5)*1 -> 1 | G8: =COUNTIF($P:$P,C8) -> 1 | H8: =SUM(D8:F8) -> 1 | J8: e. Apabila ditemukan link yang tidak sesuai dengan pemberitaan diberlakukan pengurangan scoring
B9: 3 | C9: =TEMP!D4 -> Instagram | D9: =SUMIFS($R:$R,$P:$P,$C9,$K:$K,D$5)*3 -> 0 | E9: =SUMIFS($R:$R,$P:$P,$C9,$K:$K,E$5)*2 -> 0 | F9: =SUMIFS($R:$R,$P:$P,$C9,$K:$K,F$5)*1 -> 5 | G9: =COUNTIF($P:$P,C9) -> 1 | H9: =SUM(D9:F9) -> 5
B10: 4 | C10: =TEMP!D6 -> Youtube | D10: =SUMIFS($R:$R,$P:$P,$C10,$K:$K,D$5)*3 -> 0 | E10: =SUMIFS($R:$R,$P:$P,$C10,$K:$K,E$5)*2 -> 0 | F10: =SUMIFS($R:$R,$P:$P,$C10,$K:$K,F$5)*1 -> 5 | G10: =COUNTIF($P:$P,C10) -> 1 | H10: =SUM(D10:F10) -> 5
B11: 5 | C11: =TEMP!D7 -> Tiktok | D11: =SUMIFS($R:$R,$P:$P,$C11,$K:$K,D$5)*3 -> 0 | E11: =SUMIFS($R:$R,$P:$P,$C11,$K:$K,E$5)*2 -> 0 | F11: =SUMIFS($R:$R,$P:$P,$C11,$K:$K,F$5)*1 -> 5 | G11: =COUNTIF($P:$P,C11) -> 1
B12: Score | D12: =SUM(D7:D11) -> 0 | E12: =SUM(E7:E11) -> 0 | F12: =SUM(F7:F11) -> 17 | G12: =SUM(G7:G10) -> 4 | H12: =SUM(H7:H10) -> 12 | J12: No | K12: Kategori | L12: Tanggal | M12: Judul Pemberitaan | N12: Link Pemberitaan / Scan File | O12: Username | P12: Platform Media | Q12: Kategori Media | R12: Score
B13: Total Score | D13: =SUM(D12:F12) -> 17 | J13: {=IF(L13:L2002<>"",TEXT(ROW(J13:J2002)-10,"0"),"")} -> 3 | K13: B3. Additional Issue | L13: 24 Februari 2026 | M13: PLN UIT JBM Siaga Ramadhan dan Idul Fitri 2026 | N13: https://instagram.com | O13: uptmlg | P13: Instagram | Q13: Media Sosial - Instagram Views 100 - 999 | R13: {=IF(P13:P2002="","",VLOOKUP(Q13:Q2002,TEMP!$J:$K,2,0))} -> 5
J14: {=IF(L14:L2003<>"",TEXT(ROW(J14:J2003)-10,"0"),"")} -> 4 | K14: B3. Additional Issue | L14: 24 Februari 2026 | M14: PLN UIT JBM Siaga Ramadhan dan Idul Fitri 2026 | N14: https://x.com | O14: uptmlg | P14: X | Q14: Media Sosial - X Like 100 - 999 | R14: {=IF(P14:P2003="","",VLOOKUP(Q14:Q2003,TEMP!$J:$K,2,0))} -> 1
B15: Mohon dapat dicek kembali hal-hal berikut: | J15: {=IF(L15:L2004<>"",TEXT(ROW(J15:J2004)-10,"0"),"")} -> 5 | K15: B3. Additional Issue | L15: 24 Februari 2026 | M15: PLN UIT JBM Siaga Ramadhan dan Idul Fitri 2026 | N15: https://facebook.com | O15: uptmlg | P15: Facebook | Q15: Media Sosial - Facebook Like 100 - 999 | R15: {=IF(P15:P2004="","",VLOOKUP(Q15:Q2004,TEMP!$J:$K,2,0))} -> 1
B16: 1 | C16: Pastikan data yang diambil sesuai periode 19 bulan N-1 s.d 17 bulan N | J16: {=IF(L16:L2005<>"",TEXT(ROW(J16:J2005)-10,"0"),"")} -> 6 | K16: B3. Additional Issue | L16: 24 Februari 2026 | M16: PLN UIT JBM Siaga Ramadhan dan Idul Fitri 2026 | N16: https://youtube.com | O16: uptmlg | P16: Youtube | Q16: Media Sosial - Youtube Short Views 100 - 999 | R16: {=IF(P16:P2005="","",VLOOKUP(Q16:Q2005,TEMP!$J:$K,2,0))} -> 5
B17: 2 | C17: Mohon tidak memberikan row kosong antar konten | J17: {=IF(L17:L2006<>"",TEXT(ROW(J17:J2006)-10,"0"),"")} -> 7 | K17: B3. Additional Issue | L17: 24 Februari 2026 | M17: PLN UIT JBM Siaga Ramadhan dan Idul Fitri 2026 | N17: https://tiktok.com | O17: uptmlg | P17: Tiktok | Q17: Media Sosial - Tiktok Views 100 - 999 | R17: {=IF(P17:P2006="","",VLOOKUP(Q17:Q2006,TEMP!$J:$K,2,0))} -> 5
B18: 3 | C18: Pastikan semua kolom diisi, jika ditemukan rows yang tidak ada link pemberitaan, | J18: {=IF(L18:L2007<>"",TEXT(ROW(J18:J2007)-10,"0"),"")} -> 8 | K18: B3. Additional Issue | L18: 24 Februari 2026 | M18: PLN UIT JBM Siaga Ramadhan dan Idul Fitri 2026 | N18: https://tiktok.com | O18: uptmlg | P18: Threads | Q18: Media Sosial - Threads Like 100 - 999 | R18: {=IF(P18:P2007="","",VLOOKUP(Q18:Q2007,TEMP!$J:$K,2,0))} -> 1
C19: akan dihapus. | J19: {=IF(L19:L2008<>"",TEXT(ROW(J19:J2008)-10,"0"),"")} | R19: {=IF(P19:P2008="","",VLOOKUP(Q19:Q2008,TEMP!$J:$K,2,0))}
B20: 4 | C20: Pastikan kolom Platform Media dan Kategori Media sesuai dengan jenis media | J20: {=IF(L20:L2009<>"",TEXT(ROW(J20:J2009)-10,"0"),"")} | R20: {=IF(P20:P2009="","",VLOOKUP(Q20:Q2009,TEMP!$J:$K,2,0))}
C21: sosial di Link Pemberitaan | J21: {=IF(L21:L2010<>"",TEXT(ROW(J21:J2010)-10,"0"),"")} | R21: {=IF(P21:P2010="","",VLOOKUP(Q21:Q2010,TEMP!$J:$K,2,0))}
B22: 5 | C22: Pastikan angka terakhir di kolom Kategori Media sesuai pilihan atau tidak bertambah. | J22: {=IF(L22:L2011<>"",TEXT(ROW(J22:J2011)-10,"0"),"")} | R22: {=IF(P22:P2011="","",VLOOKUP(Q22:Q2011,TEMP!$J:$K,2,0))}
B23: 6 | C23: Pemilihan kategori media sesuai dengan realisasi performa konten | J23: {=IF(L23:L2012<>"",TEXT(ROW(J23:J2012)-10,"0"),"")} | R23: {=IF(P23:P2012="","",VLOOKUP(Q23:Q2012,TEMP!$J:$K,2,0))}
J24: {=IF(L24:L2013<>"",TEXT(ROW(J24:J2013)-10,"0"),"")} | R24: {=IF(P24:P2013="","",VLOOKUP(Q24:Q2013,TEMP!$J:$K,2,0))}
J25: {=IF(L25:L2014<>"",TEXT(ROW(J25:J2014)-10,"0"),"")} | R25: {=IF(P25:P2014="","",VLOOKUP(Q25:Q2014,TEMP!$J:$K,2,0))}
J26: {=IF(L26:L2015<>"",TEXT(ROW(J26:J2015)-10,"0"),"")} | R26: {=IF(P26:P2015="","",VLOOKUP(Q26:Q2015,TEMP!$J:$K,2,0))}
J27: {=IF(L27:L2016<>"",TEXT(ROW(J27:J2016)-10,"0"),"")} | R27: {=IF(P27:P2016="","",VLOOKUP(Q27:Q2016,TEMP!$J:$K,2,0))}

Sheet UPT SURABAYA
B1: Unit Induk | G1: : UPT SURABAYA
B2: Periode | G2: =Summary!D2 -> : 19 Februari - 17 Maret 2026 | J2: Produksi Konten Media Sosial PLN Unit Pelaksana
J3: Petunjuk Pengisian :
J4: a. Kategori di isi sesuai dengan issue yang di angkat pada konten media sosial
B5: No | C5: Media Pemberitaan | D5: =TEMP!$B$2 -> B1. Grand Theme | E5: =TEMP!$B$3 -> B2. Opperational Issue | F5: =TEMP!$B$4 -> B3. Additional Issue | G5: TOTAL REALISASI | H5: TOTAL SCORE | J5: b. Dilarang menambahkan baris atau kolom, urutan tanggal tidak mempengaruhi nilai
J6: c. Dilarang menginput link yang tidak sesuai dengan pemberitaan
B7: 1 | C7: =TEMP!D2 -> X | D7: =SUMIFS($R:$R,$P:$P,$C7,$K:$K,D$5)*3 -> 0 | E7: =SUMIFS($R:$R,$P:$P,$C7,$K:$K,E$5)*2 -> 2 | F7: =SUMIFS($R:$R,$P:$P,$C7,$K:$K,F$5)*1 -> 0 | G7: =COUNTIF($P:$P,C7) -> 1 | H7: =SUM(D7:F7) -> 2 | J7: d. Dilarang menginput link yang sudah diinput (agar tidak terjadi double input)
B8: 2 | C8: =TEMP!D3 -> Facebook | D8: =SUMIFS($R:$R,$P:$P,$C8,$K:$K,D$5)*3 -> 0 | E8: =SUMIFS($R:$R,$P:$P,$C8,$K:$K,E$5)*2 -> 0 | F8: =SUMIFS($R:$R,$P:$P,$C8,$K:$K,F$5)*1 -> 1 | G8: =COUNTIF($P:$P,C8) -> 1 | H8: =SUM(D8:F8) -> 1 | J8: e. Apabila ditemukan link yang tidak sesuai dengan pemberitaan diberlakukan pengurangan scoring
B9: 3 | C9: =TEMP!D4 -> Instagram | D9: =SUMIFS($R:$R,$P:$P,$C9,$K:$K,D$5)*3 -> 15 | E9: =SUMIFS($R:$R,$P:$P,$C9,$K:$K,E$5)*2 -> 0 | F9: =SUMIFS($R:$R,$P:$P,$C9,$K:$K,F$5)*1 -> 0 | G9: =COUNTIF($P:$P,C9) -> 1 | H9: =SUM(D9:F9) -> 15
B10: 4 | C10: =TEMP!D6 -> Youtube | D10: =SUMIFS($R:$R,$P:$P,$C10,$K:$K,D$5)*3 -> 15 | E10: =SUMIFS($R:$R,$P:$P,$C10,$K:$K,E$5)*2 -> 0 | F10: =SUMIFS($R:$R,$P:$P,$C10,$K:$K,F$5)*1 -> 0 | G10: =COUNTIF($P:$P,C10) -> 1 | H10: =SUM(D10:F10) -> 15
B11: 5 | C11: =TEMP!D7 -> Tiktok | D11: =SUMIFS($R:$R,$P:$P,$C11,$K:$K,D$5)*3 -> 15 | E11: =SUMIFS($R:$R,$P:$P,$C11,$K:$K,E$5)*2 -> 0 | F11: =SUMIFS($R:$R,$P:$P,$C11,$K:$K,F$5)*1 -> 0 | G11: =COUNTIF($P:$P,C11) -> 1
B12: Score | D12: =SUM(D7:D11) -> 45 | E12: =SUM(E7:E11) -> 2 | F12: =SUM(F7:F11) -> 1 | G12: =SUM(G7:G10) -> 4 | H12: =SUM(H7:H10) -> 33 | J12: No | K12: Kategori | L12: Tanggal | M12: Judul Pemberitaan | N12: Link Pemberitaan / Scan File | O12: Username | P12: Platform Media | Q12: Kategori Media | R12: Score
B13: Total Score | D13: =SUM(D12:F12) -> 48 | J13: {=IF(L13:L2002<>"",TEXT(ROW(J13:J2002)-10,"0"),"")} -> 3 | K13: B1. Grand Theme | L13: 24 Februari 2026 | M13: PLN UIT JBM Siaga Ramadhan dan Idul Fitri 2026 | N13: https://instagram.com | O13: uptsby | P13: Instagram | Q13: Media Sosial - Instagram Views 100 - 999 | R13: {=IF(P13:P2002="","",VLOOKUP(Q13:Q2002,TEMP!$J:$K,2,0))} -> 5
J14: {=IF(L14:L2003<>"",TEXT(ROW(J14:J2003)-10,"0"),"")} -> 4 | K14: B2. Opperational Issue | L14: 24 Februari 2026 | M14: PLN UIT JBM Siaga Ramadhan dan Idul Fitri 2026 | N14: https://x.com | O14: uptsby | P14: X | Q14: Media Sosial - X Like 100 - 999 | R14: {=IF(P14:P2003="","",VLOOKUP(Q14:Q2003,TEMP!$J:$K,2,0))} -> 1
B15: Mohon dapat dicek kembali hal-hal berikut: | J15: {=IF(L15:L2004<>"",TEXT(ROW(J15:J2004)-10,"0"),"")} -> 5 | K15: B3. Additional Issue | L15: 24 Februari 2026 | M15: PLN UIT JBM Siaga Ramadhan dan Idul Fitri 2026 | N15: https://facebook.com | O15: uptsby | P15: Facebook | Q15: Media Sosial - Facebook Like 100 - 999 | R15: {=IF(P15:P2004="","",VLOOKUP(Q15:Q2004,TEMP!$J:$K,2,0))} -> 1
B16: 1 | C16: Pastikan data yang diambil sesuai periode 19 bulan N-1 s.d 17 bulan N | J16: {=IF(L16:L2005<>"",TEXT(ROW(J16:J2005)-10,"0"),"")} -> 6 | K16: B1. Grand Theme | L16: 24 Februari 2026 | M16: PLN UIT JBM Siaga Ramadhan dan Idul Fitri 2026 | N16: https://youtube.com | O16: uptsby | P16: Youtube | Q16: Media Sosial - Youtube Short Views 100 - 999 | R16: {=IF(P16:P2005="","",VLOOKUP(Q16:Q2005,TEMP!$J:$K,2,0))} -> 5
B17: 2 | C17: Mohon tidak memberikan row kosong antar konten | J17: {=IF(L17:L2006<>"",TEXT(ROW(J17:J2006)-10,"0"),"")} -> 7 | K17: B1. Grand Theme | L17: 24 Februari 2026 | M17: PLN UIT JBM Siaga Ramadhan dan Idul Fitri 2026 | N17: https://tiktok.com | O17: uptsby | P17: Tiktok | Q17: Media Sosial - Tiktok Views 100 - 999 | R17: {=IF(P17:P2006="","",VLOOKUP(Q17:Q2006,TEMP!$J:$K,2,0))} -> 5
B18: 3 | C18: Pastikan semua kolom diisi, jika ditemukan rows yang tidak ada link pemberitaan, | J18: {=IF(L18:L2007<>"",TEXT(ROW(J18:J2007)-10,"0"),"")} -> 8 | K18: B1. Grand Theme | L18: 24 Februari 2026 | M18: PLN UIT JBM Siaga Ramadhan dan Idul Fitri 2026 | N18: https://tiktok.com | O18: uptsby | P18: Threads | Q18: Media Sosial - Threads Like 100 - 999 | R18: {=IF(P18:P2007="","",VLOOKUP(Q18:Q2007,TEMP!$J:$K,2,0))} -> 1
C19: akan dihapus. | J19: {=IF(L19:L2008<>"",TEXT(ROW(J19:J2008)-10,"0"),"")} | R19: {=IF(P19:P2008="","",VLOOKUP(Q19:Q2008,TEMP!$J:$K,2,0))}
B20: 4 | C20: Pastikan kolom Platform Media dan Kategori Media sesuai dengan jenis media | J20: {=IF(L20:L2009<>"",TEXT(ROW(J20:J2009)-10,"0"),"")} | R20: {=IF(P20:P2009="","",VLOOKUP(Q20:Q2009,TEMP!$J:$K,2,0))}
C21: sosial di Link Pemberitaan | J21: {=IF(L21:L2010<>"",TEXT(ROW(J21:J2010)-10,"0"),"")} | R21: {=IF(P21:P2010="","",VLOOKUP(Q21:Q2010,TEMP!$J:$K,2,0))}
B22: 5 | C22: Pastikan angka terakhir di kolom Kategori Media sesuai pilihan atau tidak bertambah. | J22: {=IF(L22:L2011<>"",TEXT(ROW(J22:J2011)-10,"0"),"")} | R22: {=IF(P22:P2011="","",VLOOKUP(Q22:Q2011,TEMP!$J:$K,2,0))}
B23: 6 | C23: Pemilihan kategori media sesuai dengan realisasi performa konten | J23: {=IF(L23:L2012<>"",TEXT(ROW(J23:J2012)-10,"0"),"")} | R23: {=IF(P23:P2012="","",VLOOKUP(Q23:Q2012,TEMP!$J:$K,2,0))}
J24: {=IF(L24:L2013<>"",TEXT(ROW(J24:J2013)-10,"0"),"")} | R24: {=IF(P24:P2013="","",VLOOKUP(Q24:Q2013,TEMP!$J:$K,2,0))}
J25: {=IF(L25:L2014<>"",TEXT(ROW(J25:J2014)-10,"0"),"")} | R25: {=IF(P25:P2014="","",VLOOKUP(Q25:Q2014,TEMP!$J:$K,2,0))}
J26: {=IF(L26:L2015<>"",TEXT(ROW(J26:J2015)-10,"0"),"")} | R26: {=IF(P26:P2015="","",VLOOKUP(Q26:Q2015,TEMP!$J:$K,2,0))}
J27: {=IF(L27:L2016<>"",TEXT(ROW(J27:J2016)-10,"0"),"")} | R27: {=IF(P27:P2016="","",VLOOKUP(Q27:Q2016,TEMP!$J:$K,2,0))}

Sheet UPT GRESIK
B1: Unit Induk | G1: : UPT GRESIK
B2: Periode | G2: =Summary!D2 -> : 19 Februari - 17 Maret 2026 | J2: Produksi Konten Media Sosial PLN Unit Pelaksana
J3: Petunjuk Pengisian :
J4: a. Kategori di isi sesuai dengan issue yang di angkat pada konten media sosial
B5: No | C5: Media Pemberitaan | D5: =TEMP!$B$2 -> B1. Grand Theme | E5: =TEMP!$B$3 -> B2. Opperational Issue | F5: =TEMP!$B$4 -> B3. Additional Issue | G5: TOTAL REALISASI | H5: TOTAL SCORE | J5: b. Dilarang menambahkan baris atau kolom, urutan tanggal tidak mempengaruhi nilai
J6: c. Dilarang menginput link yang tidak sesuai dengan pemberitaan
B7: 1 | C7: =TEMP!D2 -> X | D7: =SUMIFS($R:$R,$P:$P,$C7,$K:$K,D$5)*3 -> 0 | E7: =SUMIFS($R:$R,$P:$P,$C7,$K:$K,E$5)*2 -> 2 | F7: =SUMIFS($R:$R,$P:$P,$C7,$K:$K,F$5)*1 -> 0 | G7: =COUNTIF($P:$P,C7) -> 1 | H7: =SUM(D7:F7) -> 2 | J7: d. Dilarang menginput link yang sudah diinput (agar tidak terjadi double input)
B8: 2 | C8: =TEMP!D3 -> Facebook | D8: =SUMIFS($R:$R,$P:$P,$C8,$K:$K,D$5)*3 -> 0 | E8: =SUMIFS($R:$R,$P:$P,$C8,$K:$K,E$5)*2 -> 0 | F8: =SUMIFS($R:$R,$P:$P,$C8,$K:$K,F$5)*1 -> 1 | G8: =COUNTIF($P:$P,C8) -> 1 | H8: =SUM(D8:F8) -> 1 | J8: e. Apabila ditemukan link yang tidak sesuai dengan pemberitaan diberlakukan pengurangan scoring
B9: 3 | C9: =TEMP!D4 -> Instagram | D9: =SUMIFS($R:$R,$P:$P,$C9,$K:$K,D$5)*3 -> 15 | E9: =SUMIFS($R:$R,$P:$P,$C9,$K:$K,E$5)*2 -> 0 | F9: =SUMIFS($R:$R,$P:$P,$C9,$K:$K,F$5)*1 -> 0 | G9: =COUNTIF($P:$P,C9) -> 1 | H9: =SUM(D9:F9) -> 15
B10: 4 | C10: =TEMP!D6 -> Youtube | D10: =SUMIFS($R:$R,$P:$P,$C10,$K:$K,D$5)*3 -> 15 | E10: =SUMIFS($R:$R,$P:$P,$C10,$K:$K,E$5)*2 -> 0 | F10: =SUMIFS($R:$R,$P:$P,$C10,$K:$K,F$5)*1 -> 0 | G10: =COUNTIF($P:$P,C10) -> 1 | H10: =SUM(D10:F10) -> 15
B11: 5 | C11: =TEMP!D7 -> Tiktok | D11: =SUMIFS($R:$R,$P:$P,$C11,$K:$K,D$5)*3 -> 0 | E11: =SUMIFS($R:$R,$P:$P,$C11,$K:$K,E$5)*2 -> 10 | F11: =SUMIFS($R:$R,$P:$P,$C11,$K:$K,F$5)*1 -> 0 | G11: =COUNTIF($P:$P,C11) -> 1
B12: Score | D12: =SUM(D7:D11) -> 30 | E12: =SUM(E7:E11) -> 12 | F12: =SUM(F7:F11) -> 1 | G12: =SUM(G7:G10) -> 4 | H12: =SUM(H7:H10) -> 33 | J12: No | K12: Kategori | L12: Tanggal | M12: Judul Pemberitaan | N12: Link Pemberitaan / Scan File | O12: Username | P12: Platform Media | Q12: Kategori Media | R12: Score
B13: Total Score | D13: =SUM(D12:F12) -> 43 | J13: {=IF(L13:L2002<>"",TEXT(ROW(J13:J2002)-10,"0"),"")} -> 3 | K13: B1. Grand Theme | L13: 24 Februari 2026 | M13: PLN UIT JBM Siaga Ramadhan dan Idul Fitri 2026 | N13: https://instagram.com | O13: uptgrk | P13: Instagram | Q13: Media Sosial - Instagram Views 100 - 999 | R13: {=IF(P13:P2002="","",VLOOKUP(Q13:Q2002,TEMP!$J:$K,2,0))} -> 5
J14: {=IF(L14:L2003<>"",TEXT(ROW(J14:J2003)-10,"0"),"")} -> 4 | K14: B2. Opperational Issue | L14: 24 Februari 2026 | M14: PLN UIT JBM Siaga Ramadhan dan Idul Fitri 2026 | N14: https://x.com | O14: uptgrk | P14: X | Q14: Media Sosial - X Like 100 - 999 | R14: {=IF(P14:P2003="","",VLOOKUP(Q14:Q2003,TEMP!$J:$K,2,0))} -> 1
B15: Mohon dapat dicek kembali hal-hal berikut: | J15: {=IF(L15:L2004<>"",TEXT(ROW(J15:J2004)-10,"0"),"")} -> 5 | K15: B3. Additional Issue | L15: 24 Februari 2026 | M15: PLN UIT JBM Siaga Ramadhan dan Idul Fitri 2026 | N15: https://facebook.com | O15: uptgrk | P15: Facebook | Q15: Media Sosial - Facebook Like 100 - 999 | R15: {=IF(P15:P2004="","",VLOOKUP(Q15:Q2004,TEMP!$J:$K,2,0))} -> 1
B16: 1 | C16: Pastikan data yang diambil sesuai periode 19 bulan N-1 s.d 17 bulan N | J16: {=IF(L16:L2005<>"",TEXT(ROW(J16:J2005)-10,"0"),"")} -> 6 | K16: B1. Grand Theme | L16: 24 Februari 2026 | M16: PLN UIT JBM Siaga Ramadhan dan Idul Fitri 2026 | N16: https://youtube.com | O16: uptgrk | P16: Youtube | Q16: Media Sosial - Youtube Short Views 100 - 999 | R16: {=IF(P16:P2005="","",VLOOKUP(Q16:Q2005,TEMP!$J:$K,2,0))} -> 5
B17: 2 | C17: Mohon tidak memberikan row kosong antar konten | J17: {=IF(L17:L2006<>"",TEXT(ROW(J17:J2006)-10,"0"),"")} -> 7 | K17: B2. Opperational Issue | L17: 24 Februari 2026 | M17: PLN UIT JBM Siaga Ramadhan dan Idul Fitri 2026 | N17: https://tiktok.com | O17: uptgrk | P17: Tiktok | Q17: Media Sosial - Tiktok Views 100 - 999 | R17: {=IF(P17:P2006="","",VLOOKUP(Q17:Q2006,TEMP!$J:$K,2,0))} -> 5
B18: 3 | C18: Pastikan semua kolom diisi, jika ditemukan rows yang tidak ada link pemberitaan, | J18: {=IF(L18:L2007<>"",TEXT(ROW(J18:J2007)-10,"0"),"")} -> 8 | K18: B2. Opperational Issue | L18: 24 Februari 2026 | M18: PLN UIT JBM Siaga Ramadhan dan Idul Fitri 2026 | N18: https://tiktok.com | O18: uptgrk | P18: Threads | Q18: Media Sosial - Threads Like 100 - 999 | R18: {=IF(P18:P2007="","",VLOOKUP(Q18:Q2007,TEMP!$J:$K,2,0))} -> 1
C19: akan dihapus. | J19: {=IF(L19:L2008<>"",TEXT(ROW(J19:J2008)-10,"0"),"")} | R19: {=IF(P19:P2008="","",VLOOKUP(Q19:Q2008,TEMP!$J:$K,2,0))}
B20: 4 | C20: Pastikan kolom Platform Media dan Kategori Media sesuai dengan jenis media | J20: {=IF(L20:L2009<>"",TEXT(ROW(J20:J2009)-10,"0"),"")} | R20: {=IF(P20:P2009="","",VLOOKUP(Q20:Q2009,TEMP!$J:$K,2,0))}
C21: sosial di Link Pemberitaan | J21: {=IF(L21:L2010<>"",TEXT(ROW(J21:J2010)-10,"0"),"")} | R21: {=IF(P21:P2010="","",VLOOKUP(Q21:Q2010,TEMP!$J:$K,2,0))}
B22: 5 | C22: Pastikan angka terakhir di kolom Kategori Media sesuai pilihan atau tidak bertambah. | J22: {=IF(L22:L2011<>"",TEXT(ROW(J22:J2011)-10,"0"),"")} | R22: {=IF(P22:P2011="","",VLOOKUP(Q22:Q2011,TEMP!$J:$K,2,0))}
B23: 6 | C23: Pemilihan kategori media sesuai dengan realisasi performa konten | J23: {=IF(L23:L2012<>"",TEXT(ROW(J23:J2012)-10,"0"),"")} | R23: {=IF(P23:P2012="","",VLOOKUP(Q23:Q2012,TEMP!$J:$K,2,0))}
J24: {=IF(L24:L2013<>"",TEXT(ROW(J24:J2013)-10,"0"),"")} | R24: {=IF(P24:P2013="","",VLOOKUP(Q24:Q2013,TEMP!$J:$K,2,0))}
J25: {=IF(L25:L2014<>"",TEXT(ROW(J25:J2014)-10,"0"),"")} | R25: {=IF(P25:P2014="","",VLOOKUP(Q25:Q2014,TEMP!$J:$K,2,0))}
J26: {=IF(L26:L2015<>"",TEXT(ROW(J26:J2015)-10,"0"),"")} | R26: {=IF(P26:P2015="","",VLOOKUP(Q26:Q2015,TEMP!$J:$K,2,0))}
J27: {=IF(L27:L2016<>"",TEXT(ROW(J27:J2016)-10,"0"),"")} | R27: {=IF(P27:P2016="","",VLOOKUP(Q27:Q2016,TEMP!$J:$K,2,0))}

Sheet UPT MADIUN
B1: Unit Induk | G1: : UPT MADIUN
B2: Periode | G2: =Summary!D2 -> : 19 Februari - 17 Maret 2026 | J2: Produksi Konten Media Sosial PLN Unit Pelaksana
J3: Petunjuk Pengisian :
J4: a. Kategori di isi sesuai dengan issue yang di angkat pada konten media sosial
B5: No | C5: Media Pemberitaan | D5: =TEMP!$B$2 -> B1. Grand Theme | E5: =TEMP!$B$3 -> B2. Opperational Issue | F5: =TEMP!$B$4 -> B3. Additional Issue | G5: TOTAL REALISASI | H5: TOTAL SCORE | J5: b. Dilarang menambahkan baris atau kolom, urutan tanggal tidak mempengaruhi nilai
J6: c. Dilarang menginput link yang tidak sesuai dengan pemberitaan
B7: 1 | C7: =TEMP!D2 -> X | D7: =SUMIFS($R:$R,$P:$P,$C7,$K:$K,D$5)*3 -> 0 | E7: =SUMIFS($R:$R,$P:$P,$C7,$K:$K,E$5)*2 -> 2 | F7: =SUMIFS($R:$R,$P:$P,$C7,$K:$K,F$5)*1 -> 0 | G7: =COUNTIF($P:$P,C7) -> 1 | H7: =SUM(D7:F7) -> 2 | J7: d. Dilarang menginput link yang sudah diinput (agar tidak terjadi double input)
B8: 2 | C8: =TEMP!D3 -> Facebook | D8: =SUMIFS($R:$R,$P:$P,$C8,$K:$K,D$5)*3 -> 0 | E8: =SUMIFS($R:$R,$P:$P,$C8,$K:$K,E$5)*2 -> 0 | F8: =SUMIFS($R:$R,$P:$P,$C8,$K:$K,F$5)*1 -> 1 | G8: =COUNTIF($P:$P,C8) -> 1 | H8: =SUM(D8:F8) -> 1 | J8: e. Apabila ditemukan link yang tidak sesuai dengan pemberitaan diberlakukan pengurangan scoring
B9: 3 | C9: =TEMP!D4 -> Instagram | D9: =SUMIFS($R:$R,$P:$P,$C9,$K:$K,D$5)*3 -> 15 | E9: =SUMIFS($R:$R,$P:$P,$C9,$K:$K,E$5)*2 -> 0 | F9: =SUMIFS($R:$R,$P:$P,$C9,$K:$K,F$5)*1 -> 0 | G9: =COUNTIF($P:$P,C9) -> 1 | H9: =SUM(D9:F9) -> 15
B10: 4 | C10: =TEMP!D6 -> Youtube | D10: =SUMIFS($R:$R,$P:$P,$C10,$K:$K,D$5)*3 -> 15 | E10: =SUMIFS($R:$R,$P:$P,$C10,$K:$K,E$5)*2 -> 0 | F10: =SUMIFS($R:$R,$P:$P,$C10,$K:$K,F$5)*1 -> 0 | G10: =COUNTIF($P:$P,C10) -> 1 | H10: =SUM(D10:F10) -> 15
B11: 5 | C11: =TEMP!D7 -> Tiktok | D11: =SUMIFS($R:$R,$P:$P,$C11,$K:$K,D$5)*3 -> 0 | E11: =SUMIFS($R:$R,$P:$P,$C11,$K:$K,E$5)*2 -> 0 | F11: =SUMIFS($R:$R,$P:$P,$C11,$K:$K,F$5)*1 -> 5 | G11: =COUNTIF($P:$P,C11) -> 1
B12: Score | D12: =SUM(D7:D11) -> 30 | E12: =SUM(E7:E11) -> 2 | F12: =SUM(F7:F11) -> 6 | G12: =SUM(G7:G10) -> 4 | H12: =SUM(H7:H10) -> 33 | J12: No | K12: Kategori | L12: Tanggal | M12: Judul Pemberitaan | N12: Link Pemberitaan / Scan File | O12: Username | P12: Platform Media | Q12: Kategori Media | R12: Score
B13: Total Score | D13: =SUM(D12:F12) -> 38 | J13: {=IF(L13:L2002<>"",TEXT(ROW(J13:J2002)-10,"0"),"")} -> 3 | K13: B1. Grand Theme | L13: 24 Februari 2026 | M13: PLN UIT JBM Siaga Ramadhan dan Idul Fitri 2026 | N13: https://instagram.com | O13: uptmdn | P13: Instagram | Q13: Media Sosial - Instagram Views 100 - 999 | R13: {=IF(P13:P2002="","",VLOOKUP(Q13:Q2002,TEMP!$J:$K,2,0))} -> 5
J14: {=IF(L14:L2003<>"",TEXT(ROW(J14:J2003)-10,"0"),"")} -> 4 | K14: B2. Opperational Issue | L14: 24 Februari 2026 | M14: PLN UIT JBM Siaga Ramadhan dan Idul Fitri 2026 | N14: https://x.com | O14: uptmdn | P14: X | Q14: Media Sosial - X Like 100 - 999 | R14: {=IF(P14:P2003="","",VLOOKUP(Q14:Q2003,TEMP!$J:$K,2,0))} -> 1
B15: Mohon dapat dicek kembali hal-hal berikut: | J15: {=IF(L15:L2004<>"",TEXT(ROW(J15:J2004)-10,"0"),"")} -> 5 | K15: B3. Additional Issue | L15: 24 Februari 2026 | M15: PLN UIT JBM Siaga Ramadhan dan Idul Fitri 2026 | N15: https://facebook.com | O15: uptmdn | P15: Facebook | Q15: Media Sosial - Facebook Like 100 - 999 | R15: {=IF(P15:P2004="","",VLOOKUP(Q15:Q2004,TEMP!$J:$K,2,0))} -> 1
B16: 1 | C16: Pastikan data yang diambil sesuai periode 19 bulan N-1 s.d 17 bulan N | J16: {=IF(L16:L2005<>"",TEXT(ROW(J16:J2005)-10,"0"),"")} -> 6 | K16: B1. Grand Theme | L16: 24 Februari 2026 | M16: PLN UIT JBM Siaga Ramadhan dan Idul Fitri 2026 | N16: https://youtube.com | O16: uptmdn | P16: Youtube | Q16: Media Sosial - Youtube Short Views 100 - 999 | R16: {=IF(P16:P2005="","",VLOOKUP(Q16:Q2005,TEMP!$J:$K,2,0))} -> 5
B17: 2 | C17: Mohon tidak memberikan row kosong antar konten | J17: {=IF(L17:L2006<>"",TEXT(ROW(J17:J2006)-10,"0"),"")} -> 7 | K17: B3. Additional Issue | L17: 24 Februari 2026 | M17: PLN UIT JBM Siaga Ramadhan dan Idul Fitri 2026 | N17: https://tiktok.com | O17: uptmdn | P17: Tiktok | Q17: Media Sosial - Tiktok Views 100 - 999 | R17: {=IF(P17:P2006="","",VLOOKUP(Q17:Q2006,TEMP!$J:$K,2,0))} -> 5
B18: 3 | C18: Pastikan semua kolom diisi, jika ditemukan rows yang tidak ada link pemberitaan, | J18: {=IF(L18:L2007<>"",TEXT(ROW(J18:J2007)-10,"0"),"")} -> 8 | K18: B3. Additional Issue | L18: 24 Februari 2026 | M18: PLN UIT JBM Siaga Ramadhan dan Idul Fitri 2026 | N18: https://tiktok.com | O18: uptmdn | P18: Threads | Q18: Media Sosial - Threads Like 100 - 999 | R18: {=IF(P18:P2007="","",VLOOKUP(Q18:Q2007,TEMP!$J:$K,2,0))} -> 1
C19: akan dihapus. | J19: {=IF(L19:L2008<>"",TEXT(ROW(J19:J2008)-10,"0"),"")} | R19: {=IF(P19:P2008="","",VLOOKUP(Q19:Q2008,TEMP!$J:$K,2,0))}
B20: 4 | C20: Pastikan kolom Platform Media dan Kategori Media sesuai dengan jenis media | J20: {=IF(L20:L2009<>"",TEXT(ROW(J20:J2009)-10,"0"),"")} | R20: {=IF(P20:P2009="","",VLOOKUP(Q20:Q2009,TEMP!$J:$K,2,0))}
C21: sosial di Link Pemberitaan | J21: {=IF(L21:L2010<>"",TEXT(ROW(J21:J2010)-10,"0"),"")} | R21: {=IF(P21:P2010="","",VLOOKUP(Q21:Q2010,TEMP!$J:$K,2,0))}
B22: 5 | C22: Pastikan angka terakhir di kolom Kategori Media sesuai pilihan atau tidak bertambah. | J22: {=IF(L22:L2011<>"",TEXT(ROW(J22:J2011)-10,"0"),"")} | R22: {=IF(P22:P2011="","",VLOOKUP(Q22:Q2011,TEMP!$J:$K,2,0))}
B23: 6 | C23: Pemilihan kategori media sesuai dengan realisasi performa konten | J23: {=IF(L23:L2012<>"",TEXT(ROW(J23:J2012)-10,"0"),"")} | R23: {=IF(P23:P2012="","",VLOOKUP(Q23:Q2012,TEMP!$J:$K,2,0))}
J24: {=IF(L24:L2013<>"",TEXT(ROW(J24:J2013)-10,"0"),"")} | R24: {=IF(P24:P2013="","",VLOOKUP(Q24:Q2013,TEMP!$J:$K,2,0))}
J25: {=IF(L25:L2014<>"",TEXT(ROW(J25:J2014)-10,"0"),"")} | R25: {=IF(P25:P2014="","",VLOOKUP(Q25:Q2014,TEMP!$J:$K,2,0))}
J26: {=IF(L26:L2015<>"",TEXT(ROW(J26:J2015)-10,"0"),"")} | R26: {=IF(P26:P2015="","",VLOOKUP(Q26:Q2015,TEMP!$J:$K,2,0))}
J27: {=IF(L27:L2016<>"",TEXT(ROW(J27:J2016)-10,"0"),"")} | R27: {=IF(P27:P2016="","",VLOOKUP(Q27:Q2016,TEMP!$J:$K,2,0))}
